<?xml version="1.0" encoding="UTF-8" ?>
<device>
    <DeviceInfo>
        <DeviceKey>Dahua Technology:6D028F5PAK00006</DeviceKey>
        <DeviceModelName>A5131CU210</DeviceModelName>
        <DeviceVersion>V1.000.00.0.R(20190318,76398)</DeviceVersion>
        <guid>2E031C46DCD8</guid>
    </DeviceInfo>
    <Property>
        <DeviceScanType>0</DeviceScanType>
        <DeviceLinkThroughputLimitMode>1</DeviceLinkThroughputLimitMode>
        <DeviceLinkThroughputLimit>400000000</DeviceLinkThroughputLimit>
        <selectingname>
            <DeviceTemperatureSelector>1</DeviceTemperatureSelector>
        </selectingname>
        <selectingname>
            <DeviceTemperatureSelector>0</DeviceTemperatureSelector>
        </selectingname>
        <Decimation>0</Decimation>
        <Width>1280</Width>
        <Height>1024</Height>
        <OffsetX>0</OffsetX>
        <OffsetY>0</OffsetY>
        <ReverseX>0</ReverseX>
        <ReverseY>0</ReverseY>
        <PixelFormat>17301513</PixelFormat>
        <TestImageSelector>0</TestImageSelector>
        <AcquisitionMode>0</AcquisitionMode>
        <AcquisitionFrameCount>1</AcquisitionFrameCount>
        <AcquisitionFrameRate>500.00000</AcquisitionFrameRate>
        <AcquisitionFrameRateEnable>1</AcquisitionFrameRateEnable>
        <selectingname>
            <AcquisitionStatusSelector>0</AcquisitionStatusSelector>
        </selectingname>
        <selectingname>
            <AcquisitionStatusSelector>1</AcquisitionStatusSelector>
        </selectingname>
        <selectingname>
            <TriggerSelector>0</TriggerSelector>
            <TriggerMode>0</TriggerMode>
            <TriggerSource>0</TriggerSource>
            <TriggerDelay>0.00000</TriggerDelay>
            <TriggerMultiplier>100</TriggerMultiplier>
        </selectingname>
        <selectingname>
            <TriggerSelector>1</TriggerSelector>
            <TriggerMode>0</TriggerMode>
            <TriggerSource>0</TriggerSource>
            <TriggerDelay>0.00000</TriggerDelay>
            <TriggerMultiplier>100</TriggerMultiplier>
        </selectingname>
        <LightTriggerDelay>0.00000</LightTriggerDelay>
        <ExposureMode>0</ExposureMode>
        <ExposureTargetBrightness>50</ExposureTargetBrightness>
        <ExposureAuto>0</ExposureAuto>
        <ExposureTime>1000.00000</ExposureTime>
        <selectingname>
            <LineSelector>1</LineSelector>
            <LineInverter>0</LineInverter>
            <LineDebouncerTimeAbs>20.00000</LineDebouncerTimeAbs>
        </selectingname>
        <selectingname>
            <LineSelector>2</LineSelector>
            <LineMode>0</LineMode>
            <LineInverter>0</LineInverter>
            <LineDebouncerTimeAbs>20.00000</LineDebouncerTimeAbs>
        </selectingname>
        <selectingname>
            <LineSelector>0</LineSelector>
            <LineInverter>0</LineInverter>
            <LineSource>0</LineSource>
        </selectingname>
        <selectingname>
            <UserOutputSelector>1</UserOutputSelector>
            <UserOutputValue>0</UserOutputValue>
            <UserOutputValueAll>0</UserOutputValueAll>
        </selectingname>
        <selectingname>
            <UserOutputSelector>0</UserOutputSelector>
            <UserOutputValue>0</UserOutputValue>
            <UserOutputValueAll>0</UserOutputValueAll>
        </selectingname>
        <GainSelector>0</GainSelector>
        <GainRaw>1.00000</GainRaw>
        <BlackLevelAuto>0</BlackLevelAuto>
        <BlackLevelSelector>0</BlackLevelSelector>
        <BlackLevel>20</BlackLevel>
        <BalanceWhiteAuto>1</BalanceWhiteAuto>
        <selectingname>
            <BalanceRatioSelector>1</BalanceRatioSelector>
        </selectingname>
        <selectingname>
            <BalanceRatioSelector>2</BalanceRatioSelector>
        </selectingname>
        <selectingname>
            <BalanceRatioSelector>0</BalanceRatioSelector>
        </selectingname>
        <Gamma>1.00000</Gamma>
        <LUTSelector>0</LUTSelector>
        <LUTEnable>0</LUTEnable>
        <LUTIndex>0</LUTIndex>
        <Fx3DelayTime>0</Fx3DelayTime>
        <UserSetSelector>1</UserSetSelector>
        <UserSetDefault>0</UserSetDefault>
        <ChunkModeActive>0</ChunkModeActive>
        <selectingname>
            <ChunkSelector>1</ChunkSelector>
            <ChunkEnable>0</ChunkEnable>
        </selectingname>
        <selectingname>
            <ChunkSelector>2</ChunkSelector>
            <ChunkEnable>0</ChunkEnable>
        </selectingname>
        <selectingname>
            <ChunkSelector>3</ChunkSelector>
            <ChunkEnable>0</ChunkEnable>
        </selectingname>
        <selectingname>
            <ChunkSelector>4</ChunkSelector>
            <ChunkEnable>0</ChunkEnable>
        </selectingname>
        <selectingname>
            <ChunkSelector>0</ChunkSelector>
            <ChunkEnable>0</ChunkEnable>
        </selectingname>
        <selectingname>
            <CounterSelector>1</CounterSelector>
            <CounterResetSource>0</CounterResetSource>
        </selectingname>
        <selectingname>
            <CounterSelector>0</CounterSelector>
            <CounterResetSource>0</CounterResetSource>
        </selectingname>
        <TimerSelector>0</TimerSelector>
        <TimerTriggerSource>0</TimerTriggerSource>
        <TimerTriggerActivation>0</TimerTriggerActivation>
        <TimerDelay>1024</TimerDelay>
        <TimerDuration>4096</TimerDuration>
        <SharpnessEnabled>0</SharpnessEnabled>
        <DenoisingEnabled>0</DenoisingEnabled>
        <DigitalShift>0</DigitalShift>
        <Brightness>50</Brightness>
    </Property>
</device>
